productname,sellername,ratingsaverage,ratingscount,questionscount,amazonschoice,categoryname,pricelist,price,freereturns,free_shipping,sold_byname,available,hascountdown,description,usedcount,usedprice,productid,varkey,varvalue,imageurl
shirt200,Alex Romanak200,4.4,99,9,0,Kids,110,102.30,0,0,Alex Romanak,0,1,Ipsa consectetur qui explicabo necessitatibus repudiandae eligendi non vel modi.,4,74.68,200,size,,http://www.valleycatsrescue.org/wp-content/uploads/2014/07/tom-tom1-980x460.jpg
shirt300,Alex Romanak300,3.7,6,10,1,Kids,68,61.88,0,0,Alex Romanak,1,1,Corporis qui voluptatem quae.,17,34.65,300,color,,http://www.valleycatsrescue.org/wp-content/uploads/2014/07/tom-tom1-980x460.jpg
shirt400,Alex Romanak400,4.9,21,27,0,Tools,42,34.02,0,1,Alex Romanak,1,1,Fugit debitis sit.,4,17.01,400,color,,http://www.valleycatsrescue.org/wp-content/uploads/2014/07/tom-tom1-980x460.jpg
shirt500,Alex Romanak500,3.9,700,17,0,Toys,110,95.70,0,1,Alex Romanak,1,1,Sequi voluptatum tempora ut officia.,14,89.96,500,color,,http://www.valleycatsrescue.org/wp-content/uploads/2014/07/tom-tom1-980x460.jpg
shirt600,Alex Romanak600,4.9,516,21,0,Industrial,33,26.73,0,0,Alex Romanak,1,1,Et facere ipsa tenetur ea est nostrum doloremque illum.,1,18.18,600,size,,http://www.valleycatsrescue.org/wp-content/uploads/2014/07/tom-tom1-980x460.jpg
shirt700,Alex Romanak700,4.9,595,14,0,Electronics,58,46.40,0,0,Alex Romanak,0,0,Harum vitae fugit dolorem saepe ut eum.,14,38.05,700,color,,http://www.valleycatsrescue.org/wp-content/uploads/2014/07/tom-tom1-980x460.jpg
shirt800,Alex Romanak800,0.9,5,17,1,Jewelery,87,79.17,0,0,Alex Romanak,1,0,Neque aut quam et.,2,41.17,800,color,,http://www.valleycatsrescue.org/wp-content/uploads/2014/07/tom-tom1-980x460.jpg
shirt900,Alex Romanak900,2.1,174,19,0,Outdoors,46,37.72,0,0,Alex Romanak,1,1,Excepturi amet iure doloremque sit officiis modi neque optio vero.,8,19.24,900,size,,http://www.valleycatsrescue.org/wp-content/uploads/2014/07/tom-tom1-980x460.jpg
shirt1000,Alex Romanak1000,4.8,43,23,1,Music,99,87.12,0,0,Alex Romanak,1,0,Voluptatem aut hic aut.,5,43.56,1000,color,,http://www.valleycatsrescue.org/wp-content/uploads/2014/07/tom-tom1-980x460.jpg
shirt100,Alex Romanak100,2.8,449,23,0,Home,29,26.68,0,1,Alex Romanak,1,0,Consequatur fugit nam amet voluptas.,20,15.74,100,size,,http://www.valleycatsrescue.org/wp-content/uploads/2014/07/tom-tom1-980x460.jpg
shirt200,Alex Romanak200,4.4,99,9,0,Kids,110,102.30,0,0,Alex Romanak,0,1,Ipsa consectetur qui explicabo necessitatibus repudiandae eligendi non vel modi.,4,74.68,200,size,,http://www.valleycatsrescue.org/wp-content/uploads/2014/07/tom-tom1-980x460.jpg
shirt300,Alex Romanak300,3.7,6,10,1,Kids,68,61.88,0,0,Alex Romanak,1,1,Corporis qui voluptatem quae.,17,34.65,300,color,,http://www.valleycatsrescue.org/wp-content/uploads/2014/07/tom-tom1-980x460.jpg
shirt400,Alex Romanak400,4.9,21,27,0,Tools,42,34.02,0,1,Alex Romanak,1,1,Fugit debitis sit.,4,17.01,400,color,,http://www.valleycatsrescue.org/wp-content/uploads/2014/07/tom-tom1-980x460.jpg
shirt500,Alex Romanak500,3.9,700,17,0,Toys,110,95.70,0,1,Alex Romanak,1,1,Sequi voluptatum tempora ut officia.,14,89.96,500,color,,http://www.valleycatsrescue.org/wp-content/uploads/2014/07/tom-tom1-980x460.jpg
shirt600,Alex Romanak600,4.9,516,21,0,Industrial,33,26.73,0,0,Alex Romanak,1,1,Et facere ipsa tenetur ea est nostrum doloremque illum.,1,18.18,600,size,,http://www.valleycatsrescue.org/wp-content/uploads/2014/07/tom-tom1-980x460.jpg
shirt700,Alex Romanak700,4.9,595,14,0,Electronics,58,46.40,0,0,Alex Romanak,0,0,Harum vitae fugit dolorem saepe ut eum.,14,38.05,700,color,,http://www.valleycatsrescue.org/wp-content/uploads/2014/07/tom-tom1-980x460.jpg
shirt800,Alex Romanak800,0.9,5,17,1,Jewelery,87,79.17,0,0,Alex Romanak,1,0,Neque aut quam et.,2,41.17,800,color,,http://www.valleycatsrescue.org/wp-content/uploads/2014/07/tom-tom1-980x460.jpg
shirt900,Alex Romanak900,2.1,174,19,0,Outdoors,46,37.72,0,0,Alex Romanak,1,1,Excepturi amet iure doloremque sit officiis modi neque optio vero.,8,19.24,900,size,,http://www.valleycatsrescue.org/wp-content/uploads/2014/07/tom-tom1-980x460.jpg
shirt1000,Alex Romanak1000,4.8,43,23,1,Music,99,87.12,0,0,Alex Romanak,1,0,Voluptatem aut hic aut.,5,43.56,1000,color,,http://www.valleycatsrescue.org/wp-content/uploads/2014/07/tom-tom1-980x460.jpg
shirt300,Alex Romanak300,3.7,6,10,1,Kids,68,61.88,0,0,Alex Romanak,1,1,Corporis qui voluptatem quae.,17,34.65,300,color,,http://www.valleycatsrescue.org/wp-content/uploads/2014/07/tom-tom1-980x460.jpg
shirt400,Alex Romanak400,4.9,21,27,0,Tools,42,34.02,0,1,Alex Romanak,1,1,Fugit debitis sit.,4,17.01,400,color,,http://www.valleycatsrescue.org/wp-content/uploads/2014/07/tom-tom1-980x460.jpg
shirt500,Alex Romanak500,3.9,700,17,0,Toys,110,95.70,0,1,Alex Romanak,1,1,Sequi voluptatum tempora ut officia.,14,89.96,500,color,,http://www.valleycatsrescue.org/wp-content/uploads/2014/07/tom-tom1-980x460.jpg
shirt600,Alex Romanak600,4.9,516,21,0,Industrial,33,26.73,0,0,Alex Romanak,1,1,Et facere ipsa tenetur ea est nostrum doloremque illum.,1,18.18,600,size,,http://www.valleycatsrescue.org/wp-content/uploads/2014/07/tom-tom1-980x460.jpg
shirt700,Alex Romanak700,4.9,595,14,0,Electronics,58,46.40,0,0,Alex Romanak,0,0,Harum vitae fugit dolorem saepe ut eum.,14,38.05,700,color,,http://www.valleycatsrescue.org/wp-content/uploads/2014/07/tom-tom1-980x460.jpg
shirt800,Alex Romanak800,0.9,5,17,1,Jewelery,87,79.17,0,0,Alex Romanak,1,0,Neque aut quam et.,2,41.17,800,color,,http://www.valleycatsrescue.org/wp-content/uploads/2014/07/tom-tom1-980x460.jpg
shirt900,Alex Romanak900,2.1,174,19,0,Outdoors,46,37.72,0,0,Alex Romanak,1,1,Excepturi amet iure doloremque sit officiis modi neque optio vero.,8,19.24,900,size,,http://www.valleycatsrescue.org/wp-content/uploads/2014/07/tom-tom1-980x460.jpg
shirt1000,Alex Romanak1000,4.8,43,23,1,Music,99,87.12,0,0,Alex Romanak,1,0,Voluptatem aut hic aut.,5,43.56,1000,color,,http://www.valleycatsrescue.org/wp-content/uploads/2014/07/tom-tom1-980x460.jpg
shirt400,Alex Romanak400,4.9,21,27,0,Tools,42,34.02,0,1,Alex Romanak,1,1,Fugit debitis sit.,4,17.01,400,color,,http://www.valleycatsrescue.org/wp-content/uploads/2014/07/tom-tom1-980x460.jpg
shirt500,Alex Romanak500,3.9,700,17,0,Toys,110,95.70,0,1,Alex Romanak,1,1,Sequi voluptatum tempora ut officia.,14,89.96,500,color,,http://www.valleycatsrescue.org/wp-content/uploads/2014/07/tom-tom1-980x460.jpg
shirt600,Alex Romanak600,4.9,516,21,0,Industrial,33,26.73,0,0,Alex Romanak,1,1,Et facere ipsa tenetur ea est nostrum doloremque illum.,1,18.18,600,size,,http://www.valleycatsrescue.org/wp-content/uploads/2014/07/tom-tom1-980x460.jpg
shirt700,Alex Romanak700,4.9,595,14,0,Electronics,58,46.40,0,0,Alex Romanak,0,0,Harum vitae fugit dolorem saepe ut eum.,14,38.05,700,color,,http://www.valleycatsrescue.org/wp-content/uploads/2014/07/tom-tom1-980x460.jpg
shirt800,Alex Romanak800,0.9,5,17,1,Jewelery,87,79.17,0,0,Alex Romanak,1,0,Neque aut quam et.,2,41.17,800,color,,http://www.valleycatsrescue.org/wp-content/uploads/2014/07/tom-tom1-980x460.jpg
shirt900,Alex Romanak900,2.1,174,19,0,Outdoors,46,37.72,0,0,Alex Romanak,1,1,Excepturi amet iure doloremque sit officiis modi neque optio vero.,8,19.24,900,size,,http://www.valleycatsrescue.org/wp-content/uploads/2014/07/tom-tom1-980x460.jpg
shirt1000,Alex Romanak1000,4.8,43,23,1,Music,99,87.12,0,0,Alex Romanak,1,0,Voluptatem aut hic aut.,5,43.56,1000,color,,http://www.valleycatsrescue.org/wp-content/uploads/2014/07/tom-tom1-980x460.jpg
shirt500,Alex Romanak500,3.9,700,17,0,Toys,110,95.70,0,1,Alex Romanak,1,1,Sequi voluptatum tempora ut officia.,14,89.96,500,color,,http://www.valleycatsrescue.org/wp-content/uploads/2014/07/tom-tom1-980x460.jpg
shirt600,Alex Romanak600,4.9,516,21,0,Industrial,33,26.73,0,0,Alex Romanak,1,1,Et facere ipsa tenetur ea est nostrum doloremque illum.,1,18.18,600,size,,http://www.valleycatsrescue.org/wp-content/uploads/2014/07/tom-tom1-980x460.jpg
shirt700,Alex Romanak700,4.9,595,14,0,Electronics,58,46.40,0,0,Alex Romanak,0,0,Harum vitae fugit dolorem saepe ut eum.,14,38.05,700,color,,http://www.valleycatsrescue.org/wp-content/uploads/2014/07/tom-tom1-980x460.jpg
shirt800,Alex Romanak800,0.9,5,17,1,Jewelery,87,79.17,0,0,Alex Romanak,1,0,Neque aut quam et.,2,41.17,800,color,,http://www.valleycatsrescue.org/wp-content/uploads/2014/07/tom-tom1-980x460.jpg
shirt900,Alex Romanak900,2.1,174,19,0,Outdoors,46,37.72,0,0,Alex Romanak,1,1,Excepturi amet iure doloremque sit officiis modi neque optio vero.,8,19.24,900,size,,http://www.valleycatsrescue.org/wp-content/uploads/2014/07/tom-tom1-980x460.jpg
shirt1000,Alex Romanak1000,4.8,43,23,1,Music,99,87.12,0,0,Alex Romanak,1,0,Voluptatem aut hic aut.,5,43.56,1000,color,,http://www.valleycatsrescue.org/wp-content/uploads/2014/07/tom-tom1-980x460.jpg
shirt600,Alex Romanak600,4.9,516,21,0,Industrial,33,26.73,0,0,Alex Romanak,1,1,Et facere ipsa tenetur ea est nostrum doloremque illum.,1,18.18,600,size,,http://www.valleycatsrescue.org/wp-content/uploads/2014/07/tom-tom1-980x460.jpg
shirt700,Alex Romanak700,4.9,595,14,0,Electronics,58,46.40,0,0,Alex Romanak,0,0,Harum vitae fugit dolorem saepe ut eum.,14,38.05,700,color,,http://www.valleycatsrescue.org/wp-content/uploads/2014/07/tom-tom1-980x460.jpg
shirt800,Alex Romanak800,0.9,5,17,1,Jewelery,87,79.17,0,0,Alex Romanak,1,0,Neque aut quam et.,2,41.17,800,color,,http://www.valleycatsrescue.org/wp-content/uploads/2014/07/tom-tom1-980x460.jpg
shirt900,Alex Romanak900,2.1,174,19,0,Outdoors,46,37.72,0,0,Alex Romanak,1,1,Excepturi amet iure doloremque sit officiis modi neque optio vero.,8,19.24,900,size,,http://www.valleycatsrescue.org/wp-content/uploads/2014/07/tom-tom1-980x460.jpg
shirt1000,Alex Romanak1000,4.8,43,23,1,Music,99,87.12,0,0,Alex Romanak,1,0,Voluptatem aut hic aut.,5,43.56,1000,color,,http://www.valleycatsrescue.org/wp-content/uploads/2014/07/tom-tom1-980x460.jpg
shirt700,Alex Romanak700,4.9,595,14,0,Electronics,58,46.40,0,0,Alex Romanak,0,0,Harum vitae fugit dolorem saepe ut eum.,14,38.05,700,color,,http://www.valleycatsrescue.org/wp-content/uploads/2014/07/tom-tom1-980x460.jpg
shirt800,Alex Romanak800,0.9,5,17,1,Jewelery,87,79.17,0,0,Alex Romanak,1,0,Neque aut quam et.,2,41.17,800,color,,http://www.valleycatsrescue.org/wp-content/uploads/2014/07/tom-tom1-980x460.jpg
shirt900,Alex Romanak900,2.1,174,19,0,Outdoors,46,37.72,0,0,Alex Romanak,1,1,Excepturi amet iure doloremque sit officiis modi neque optio vero.,8,19.24,900,size,,http://www.valleycatsrescue.org/wp-content/uploads/2014/07/tom-tom1-980x460.jpg
shirt1000,Alex Romanak1000,4.8,43,23,1,Music,99,87.12,0,0,Alex Romanak,1,0,Voluptatem aut hic aut.,5,43.56,1000,color,,http://www.valleycatsrescue.org/wp-content/uploads/2014/07/tom-tom1-980x460.jpg
shirt800,Alex Romanak800,0.9,5,17,1,Jewelery,87,79.17,0,0,Alex Romanak,1,0,Neque aut quam et.,2,41.17,800,color,,http://www.valleycatsrescue.org/wp-content/uploads/2014/07/tom-tom1-980x460.jpg
shirt900,Alex Romanak900,2.1,174,19,0,Outdoors,46,37.72,0,0,Alex Romanak,1,1,Excepturi amet iure doloremque sit officiis modi neque optio vero.,8,19.24,900,size,,http://www.valleycatsrescue.org/wp-content/uploads/2014/07/tom-tom1-980x460.jpg
shirt1000,Alex Romanak1000,4.8,43,23,1,Music,99,87.12,0,0,Alex Romanak,1,0,Voluptatem aut hic aut.,5,43.56,1000,color,,http://www.valleycatsrescue.org/wp-content/uploads/2014/07/tom-tom1-980x460.jpg
shirt900,Alex Romanak900,2.1,174,19,0,Outdoors,46,37.72,0,0,Alex Romanak,1,1,Excepturi amet iure doloremque sit officiis modi neque optio vero.,8,19.24,900,size,,http://www.valleycatsrescue.org/wp-content/uploads/2014/07/tom-tom1-980x460.jpg
shirt1000,Alex Romanak1000,4.8,43,23,1,Music,99,87.12,0,0,Alex Romanak,1,0,Voluptatem aut hic aut.,5,43.56,1000,color,,http://www.valleycatsrescue.org/wp-content/uploads/2014/07/tom-tom1-980x460.jpg
shirt1000,Alex Romanak1000,4.8,43,23,1,Music,99,87.12,0,0,Alex Romanak,1,0,Voluptatem aut hic aut.,5,43.56,1000,color,,http://www.valleycatsrescue.org/wp-content/uploads/2014/07/tom-tom1-980x460.jpg
